-- Sakstons live agency seed. Generated from https://www.sakstons.com/ WP JSON on 2026-05-21.
-- Safe to run repeatedly after 001_initial_schema.sql and supabase/seed.sql.
insert into public.agencies (id, name, slug, description, email, phone, website_url, suburb, city, province, is_verified, is_active) values
  ('5f060c4e-5bda-528a-ba9c-fba940dc59e0', 'Sakstons', 'sakstons', 'Live agency import from sakstons.com stock for Proppd.', 'info@sakstons.com', '+27 11 234 9801', 'https://www.sakstons.com/', 'Epsom Downs', 'Sandton', 'Gauteng', true, true)
on conflict (slug) do update set name = excluded.name, description = excluded.description, email = excluded.email, phone = excluded.phone, website_url = excluded.website_url, suburb = excluded.suburb, city = excluded.city, province = excluded.province, is_verified = true, is_active = true;

insert into public.agents (id, agency_id, name, slug, email, phone, whatsapp, bio, areas_served, is_verified, is_active) values
  ('e4cb4bc0-90f5-5dc0-a8ce-60b2829da6d6', '5f060c4e-5bda-528a-ba9c-fba940dc59e0', 'Graham Donald', 'graham-donald', 'graham@sakstons.com', '+27 11 234 9801', '+27 11 234 9801', 'Sakstons agent for lead and history imports.', array['Fourways', 'Kyalami', 'Sandton'], true, true),
  ('272e472f-fb8c-5b7d-90a3-8376dfa3b4e5', '5f060c4e-5bda-528a-ba9c-fba940dc59e0', 'Lize Marx', 'lize-marx', 'lize@sakstons.com', '+27 11 234 9801', '+27 11 234 9801', 'Sakstons agent for lead and history imports.', array['Fourways', 'Kyalami', 'Sandton'], true, true),
  ('a12d171e-a2d6-5ae0-908b-4b9f8d310311', '5f060c4e-5bda-528a-ba9c-fba940dc59e0', 'Marc Chait', 'marc-chait', 'marc@sakstons.com', '+27 11 234 9801', '+27 11 234 9801', 'Sakstons agent for lead and history imports.', array['Fourways', 'Kyalami', 'Sandton'], true, true)
on conflict (slug) do update set agency_id = excluded.agency_id, name = excluded.name, email = excluded.email, phone = excluded.phone, whatsapp = excluded.whatsapp, bio = excluded.bio, areas_served = excluded.areas_served, is_verified = true, is_active = true;

insert into public.property_types (name, slug, category, sort_order) values
  ('Apartment', 'apartment', 'residential', 200),
  ('Cluster', 'cluster', 'residential', 210),
  ('House', 'house', 'residential', 220),
  ('Property', 'property', 'residential', 230)
on conflict (slug) do update set name = excluded.name, category = excluded.category, is_active = true;

insert into public.locations (suburb, city, province, slug) values
  ('Bryanston', 'Sandton', 'Gauteng', 'bryanston-sandton'),
  ('Sandton', 'Sandton', 'Gauteng', 'sandton-sandton'),
  ('Midrand', 'Midrand', 'Gauteng', 'midrand-midrand'),
  ('Melrose', 'Johannesburg', 'Gauteng', 'melrose-johannesburg'),
  ('Douglasdale', 'Sandton', 'Gauteng', 'douglasdale-sandton'),
  ('Sandown', 'Sandton', 'Gauteng', 'sandown-sandton'),
  ('Broadacres', 'Sandton', 'Gauteng', 'broadacres-sandton'),
  ('Rivonia', 'Sandton', 'Gauteng', 'rivonia-sandton'),
  ('Westdene', 'Johannesburg', 'Gauteng', 'westdene-johannesburg'),
  ('Strathavon', 'Sandton', 'Gauteng', 'strathavon-sandton'),
  ('Parkmore', 'Sandton', 'Gauteng', 'parkmore-sandton'),
  ('Paulshof', 'Sandton', 'Gauteng', 'paulshof-sandton'),
  ('Sunninghill', 'Sandton', 'Gauteng', 'sunninghill-sandton'),
  ('Roodepoort', 'Roodepoort', 'Gauteng', 'roodepoort-roodepoort'),
  ('Fourways', 'Midrand', 'Gauteng', 'fourways-midrand')
on conflict (slug) do update set suburb = excluded.suburb, city = excluded.city, province = excluded.province;

insert into public.listings (id, agency_id, agent_id, property_type_id, location_id, title, slug, purpose, status, price, description, suburb, city, province, bedrooms, bathrooms, parking, erf_size_sqm, floor_size_sqm, is_featured, published_at)
select '81c5f9c5-c246-523f-82ee-566b565813fa', '5f060c4e-5bda-528a-ba9c-fba940dc59e0', 'a12d171e-a2d6-5ae0-908b-4b9f8d310311', pt.id, loc.id, 'Villa Lane – 292 Bryanston Drive', 'sakstons-villa-lane-292-bryanston-drive', 'sale', 'available', 3299000, 'Stunning Three-Level Townhouse in Bryanston This immaculate three-level townhouse offers modern, secure living in a prime Bryanston estate, ideal for couples or young families. Features include: Secure estate with front-door security gate Double garage with laundry and extra storage Domestic Quarters with bathroom and ', 'Bryanston', 'Sandton', 'Gauteng', 3.0, 3.5, 2, null, 250.0, true, now()
from public.property_types pt, public.locations loc where pt.slug = 'cluster' and loc.slug = 'bryanston-sandton'
on conflict (slug) do update set price = excluded.price, status = excluded.status, agency_id = excluded.agency_id, agent_id = excluded.agent_id, property_type_id = excluded.property_type_id, location_id = excluded.location_id, published_at = coalesce(public.listings.published_at, now());
insert into public.listing_images (listing_id, image_url, alt_text, sort_order, is_cover) values ('81c5f9c5-c246-523f-82ee-566b565813fa', 'https://www.sakstons.com/wp-content/uploads/2026/03/unit-17-292-Bryanston-Dr-Bryanston-Marc-Saktons-L26.jpg', 'Villa Lane – 292 Bryanston Drive - Sakstons source image', 0, true) on conflict do nothing;
insert into public.listing_features (listing_id, feature) values ('81c5f9c5-c246-523f-82ee-566b565813fa', 'Sakstons source listing') on conflict do nothing;
insert into public.listing_features (listing_id, feature) values ('81c5f9c5-c246-523f-82ee-566b565813fa', 'Verified agency route') on conflict do nothing;
insert into public.listing_features (listing_id, feature) values ('81c5f9c5-c246-523f-82ee-566b565813fa', 'POPIA-ready enquiry') on conflict do nothing;
insert into public.listings (id, agency_id, agent_id, property_type_id, location_id, title, slug, purpose, status, price, description, suburb, city, province, bedrooms, bathrooms, parking, erf_size_sqm, floor_size_sqm, is_featured, published_at)
select '1de9cb1b-6a46-5b96-82d5-5441fd0283b2', '5f060c4e-5bda-528a-ba9c-fba940dc59e0', 'a12d171e-a2d6-5ae0-908b-4b9f8d310311', pt.id, loc.id, 'Insignia Luxury Apartments', 'sakstons-insignia-luxury-apartments', 'rent', 'available', 17000, 'Immaculate, Fully-Furnished Unit with Private Garden – Ready to Move In (Sandown) Wake up in quiet, leafy Sandown just minutes from Sandton’s energy – this modern, move-in ready apartment offers a rare balance of sanctuary and connectedness, designed for both ease and enjoyment. Fully furnished and low maintenance, thi', 'Sandton', 'Sandton', 'Gauteng', 2.0, 2.0, 0, null, 106.0, true, now()
from public.property_types pt, public.locations loc where pt.slug = 'apartment' and loc.slug = 'sandton-sandton'
on conflict (slug) do update set price = excluded.price, status = excluded.status, agency_id = excluded.agency_id, agent_id = excluded.agent_id, property_type_id = excluded.property_type_id, location_id = excluded.location_id, published_at = coalesce(public.listings.published_at, now());
insert into public.listing_images (listing_id, image_url, alt_text, sort_order, is_cover) values ('1de9cb1b-6a46-5b96-82d5-5441fd0283b2', 'https://www.sakstons.com/wp-content/uploads/2025/05/1.jpg', 'Insignia Luxury Apartments - Sakstons source image', 0, true) on conflict do nothing;
insert into public.listing_features (listing_id, feature) values ('1de9cb1b-6a46-5b96-82d5-5441fd0283b2', 'Sakstons source listing') on conflict do nothing;
insert into public.listing_features (listing_id, feature) values ('1de9cb1b-6a46-5b96-82d5-5441fd0283b2', 'Verified agency route') on conflict do nothing;
insert into public.listing_features (listing_id, feature) values ('1de9cb1b-6a46-5b96-82d5-5441fd0283b2', 'POPIA-ready enquiry') on conflict do nothing;
insert into public.listings (id, agency_id, agent_id, property_type_id, location_id, title, slug, purpose, status, price, description, suburb, city, province, bedrooms, bathrooms, parking, erf_size_sqm, floor_size_sqm, is_featured, published_at)
select '0668fe86-fb13-5405-8d3a-1e829428d13d', '5f060c4e-5bda-528a-ba9c-fba940dc59e0', 'a12d171e-a2d6-5ae0-908b-4b9f8d310311', pt.id, loc.id, 'Ultra Modern Cluster In Bryanston', 'sakstons-3-bedrooom-ultra-modern-cluster-in-bryanston', 'sale', 'available', 3300000, 'Introducing an exceptional 3-bedroom family home. This exquisite residence seamlessly marries contemporary design with comfort and opulence, boasting impeccable craftsmanship evident in every detail. From the tiled living areas to the elegant wooden floors adorning the bedrooms, every aspect of this home exudes sophist', 'Sandton', 'Sandton', 'Gauteng', 3.0, 4.0, 0, null, 150.0, true, now()
from public.property_types pt, public.locations loc where pt.slug = 'cluster' and loc.slug = 'sandton-sandton'
on conflict (slug) do update set price = excluded.price, status = excluded.status, agency_id = excluded.agency_id, agent_id = excluded.agent_id, property_type_id = excluded.property_type_id, location_id = excluded.location_id, published_at = coalesce(public.listings.published_at, now());
insert into public.listing_images (listing_id, image_url, alt_text, sort_order, is_cover) values ('0668fe86-fb13-5405-8d3a-1e829428d13d', 'https://www.sakstons.com/wp-content/uploads/2024/05/1-1.jpg', 'Ultra Modern Cluster In Bryanston - Sakstons source image', 0, true) on conflict do nothing;
insert into public.listing_features (listing_id, feature) values ('0668fe86-fb13-5405-8d3a-1e829428d13d', 'Sakstons source listing') on conflict do nothing;
insert into public.listing_features (listing_id, feature) values ('0668fe86-fb13-5405-8d3a-1e829428d13d', 'Verified agency route') on conflict do nothing;
insert into public.listing_features (listing_id, feature) values ('0668fe86-fb13-5405-8d3a-1e829428d13d', 'POPIA-ready enquiry') on conflict do nothing;
insert into public.listings (id, agency_id, agent_id, property_type_id, location_id, title, slug, purpose, status, price, description, suburb, city, province, bedrooms, bathrooms, parking, erf_size_sqm, floor_size_sqm, is_featured, published_at)
select '51135e39-5a7b-5aec-be5a-f8fcdc0cd898', '5f060c4e-5bda-528a-ba9c-fba940dc59e0', 'a12d171e-a2d6-5ae0-908b-4b9f8d310311', pt.id, loc.id, '4 Bedroom Cluster – Sunninghill Gardens', 'sakstons-4-bedroom-cluster-sunninghill-gardens', 'sale', 'available', 2100000, 'Perfectly arranged, pristine, airy and secure enclave nestled in the heart of Sunninghill Gardens. Ideal for a family, this residence boasts ample, open-plan living spaces flooded with natural light and seamless transitions. Featuring a open-plan kitchen and lounge area. The expansive lounge and dining area effortlessl', 'Sandton', 'Sandton', 'Gauteng', 4.0, 2.0, 0, null, 250.0, true, now()
from public.property_types pt, public.locations loc where pt.slug = 'cluster' and loc.slug = 'sandton-sandton'
on conflict (slug) do update set price = excluded.price, status = excluded.status, agency_id = excluded.agency_id, agent_id = excluded.agent_id, property_type_id = excluded.property_type_id, location_id = excluded.location_id, published_at = coalesce(public.listings.published_at, now());
insert into public.listing_images (listing_id, image_url, alt_text, sort_order, is_cover) values ('51135e39-5a7b-5aec-be5a-f8fcdc0cd898', 'https://www.sakstons.com/wp-content/uploads/2024/05/1.jpg', '4 Bedroom Cluster – Sunninghill Gardens - Sakstons source image', 0, true) on conflict do nothing;
insert into public.listing_features (listing_id, feature) values ('51135e39-5a7b-5aec-be5a-f8fcdc0cd898', 'Sakstons source listing') on conflict do nothing;
insert into public.listing_features (listing_id, feature) values ('51135e39-5a7b-5aec-be5a-f8fcdc0cd898', 'Verified agency route') on conflict do nothing;
insert into public.listing_features (listing_id, feature) values ('51135e39-5a7b-5aec-be5a-f8fcdc0cd898', 'POPIA-ready enquiry') on conflict do nothing;
insert into public.listings (id, agency_id, agent_id, property_type_id, location_id, title, slug, purpose, status, price, description, suburb, city, province, bedrooms, bathrooms, parking, erf_size_sqm, floor_size_sqm, is_featured, published_at)
select '8dab82e2-96a0-5075-84d0-d03c27a3cb24', '5f060c4e-5bda-528a-ba9c-fba940dc59e0', 'a12d171e-a2d6-5ae0-908b-4b9f8d310311', pt.id, loc.id, 'Munyaka Lifestyle Estate – Waterfall City', 'sakstons-munyaka-lifestyle-estate-waterfall-city', 'rent', 'available', 17000, 'Experience luxury living in this ground floor apartment featuring three bedrooms with tastefully tiled floors, built-in cupboards, and two well-appointed bathrooms. The ensuite boasts a spacious shower, while the guest bathroom offers both a shower and a bathtub. Upon entering, you’ll find an inviting space that seamle', 'Midrand', 'Midrand', 'Gauteng', 3.0, 2.0, 0, null, 120.0, true, now()
from public.property_types pt, public.locations loc where pt.slug = 'apartment' and loc.slug = 'midrand-midrand'
on conflict (slug) do update set price = excluded.price, status = excluded.status, agency_id = excluded.agency_id, agent_id = excluded.agent_id, property_type_id = excluded.property_type_id, location_id = excluded.location_id, published_at = coalesce(public.listings.published_at, now());
insert into public.listing_images (listing_id, image_url, alt_text, sort_order, is_cover) values ('8dab82e2-96a0-5075-84d0-d03c27a3cb24', 'https://www.sakstons.com/wp-content/uploads/2024/01/20220307_143745_resized.jpg', 'Munyaka Lifestyle Estate – Waterfall City - Sakstons source image', 0, true) on conflict do nothing;
insert into public.listing_features (listing_id, feature) values ('8dab82e2-96a0-5075-84d0-d03c27a3cb24', 'Sakstons source listing') on conflict do nothing;
insert into public.listing_features (listing_id, feature) values ('8dab82e2-96a0-5075-84d0-d03c27a3cb24', 'Verified agency route') on conflict do nothing;
insert into public.listing_features (listing_id, feature) values ('8dab82e2-96a0-5075-84d0-d03c27a3cb24', 'POPIA-ready enquiry') on conflict do nothing;
insert into public.listings (id, agency_id, agent_id, property_type_id, location_id, title, slug, purpose, status, price, description, suburb, city, province, bedrooms, bathrooms, parking, erf_size_sqm, floor_size_sqm, is_featured, published_at)
select '317053c3-628b-5347-abed-922f5774acb4', '5f060c4e-5bda-528a-ba9c-fba940dc59e0', '272e472f-fb8c-5b7d-90a3-8376dfa3b4e5', pt.id, loc.id, 'Portman Place – Two Bedroom, Two Bathroom Apartment In Melrose', 'sakstons-portman-place-two-bedroom-two-bathroom-apartment-in-melrose', 'sale', 'available', 2500000, 'This gorgeous and newly renovated apartment is for sale in Portman Place, featuring a modern kitchen with an island. Two spacious bedrooms with built in cupboards and tiled flooring, two bathroom one being an en-suite to the main, open plan kitchen leading into an open plan dining and lounge area, which in turn leads t', 'Melrose', 'Johannesburg', 'Gauteng', 2.0, 2.0, 0, null, 111.0, true, now()
from public.property_types pt, public.locations loc where pt.slug = 'apartment' and loc.slug = 'melrose-johannesburg'
on conflict (slug) do update set price = excluded.price, status = excluded.status, agency_id = excluded.agency_id, agent_id = excluded.agent_id, property_type_id = excluded.property_type_id, location_id = excluded.location_id, published_at = coalesce(public.listings.published_at, now());
insert into public.listing_images (listing_id, image_url, alt_text, sort_order, is_cover) values ('317053c3-628b-5347-abed-922f5774acb4', 'https://www.sakstons.com/wp-content/uploads/2023/10/6-1.jpg', 'Portman Place – Two Bedroom, Two Bathroom Apartment In Melrose - Sakstons source image', 0, true) on conflict do nothing;
insert into public.listing_features (listing_id, feature) values ('317053c3-628b-5347-abed-922f5774acb4', 'Sakstons source listing') on conflict do nothing;
insert into public.listing_features (listing_id, feature) values ('317053c3-628b-5347-abed-922f5774acb4', 'Verified agency route') on conflict do nothing;
insert into public.listing_features (listing_id, feature) values ('317053c3-628b-5347-abed-922f5774acb4', 'POPIA-ready enquiry') on conflict do nothing;
insert into public.listings (id, agency_id, agent_id, property_type_id, location_id, title, slug, purpose, status, price, description, suburb, city, province, bedrooms, bathrooms, parking, erf_size_sqm, floor_size_sqm, is_featured, published_at)
select 'b873cfaf-878d-569e-ad3e-f2b1ade63e5f', '5f060c4e-5bda-528a-ba9c-fba940dc59e0', 'a12d171e-a2d6-5ae0-908b-4b9f8d310311', pt.id, loc.id, 'GlenDouglas Complex – Douglasdale – Townhouse', 'sakstons-glendouglas-complex-douglasdale-townhouse', 'rent', 'available', 17000, 'Nestled in the heart of Douglasdale, this charming 2-bedroom, 2-bathroom townhouse presents a unique blend of modern comfort and convenient living. Located within a serene and well-maintained complex, this townhouse offers a peaceful retreat from the bustle of city life while providing easy access to urban amenities. S', 'Douglasdale', 'Sandton', 'Gauteng', 2.0, 2.0, 0, null, 220.0, true, now()
from public.property_types pt, public.locations loc where pt.slug = 'cluster' and loc.slug = 'douglasdale-sandton'
on conflict (slug) do update set price = excluded.price, status = excluded.status, agency_id = excluded.agency_id, agent_id = excluded.agent_id, property_type_id = excluded.property_type_id, location_id = excluded.location_id, published_at = coalesce(public.listings.published_at, now());
insert into public.listing_images (listing_id, image_url, alt_text, sort_order, is_cover) values ('b873cfaf-878d-569e-ad3e-f2b1ade63e5f', 'https://www.sakstons.com/wp-content/uploads/2023/10/1.jpg', 'GlenDouglas Complex – Douglasdale – Townhouse - Sakstons source image', 0, true) on conflict do nothing;
insert into public.listing_features (listing_id, feature) values ('b873cfaf-878d-569e-ad3e-f2b1ade63e5f', 'Sakstons source listing') on conflict do nothing;
insert into public.listing_features (listing_id, feature) values ('b873cfaf-878d-569e-ad3e-f2b1ade63e5f', 'Verified agency route') on conflict do nothing;
insert into public.listing_features (listing_id, feature) values ('b873cfaf-878d-569e-ad3e-f2b1ade63e5f', 'POPIA-ready enquiry') on conflict do nothing;
insert into public.listings (id, agency_id, agent_id, property_type_id, location_id, title, slug, purpose, status, price, description, suburb, city, province, bedrooms, bathrooms, parking, erf_size_sqm, floor_size_sqm, is_featured, published_at)
select '9dd996ec-7e27-5c45-9870-ee17ce0fc947', '5f060c4e-5bda-528a-ba9c-fba940dc59e0', 'a12d171e-a2d6-5ae0-908b-4b9f8d310311', pt.id, loc.id, '77 on Grayston – Modern 2 Bed 2 Bath – Apartment', 'sakstons-77-on-grayston-modern-2-bed-2-bath-apartment', 'rent', 'available', 12000, '2 bedroom apartment available for rent in the heart of Sandton CBD’s vibrant Hub. This unit is situated on the second floor and boasts a beautiful, expansive 114sqm space. The apartment features two bedrooms with elegant wooden flooring, accompanied by two full bathrooms, each en-suite. The kitchen is equipped with sle', 'Sandton', 'Sandton', 'Gauteng', 2.0, 2.0, 0, null, 114.0, true, now()
from public.property_types pt, public.locations loc where pt.slug = 'apartment' and loc.slug = 'sandton-sandton'
on conflict (slug) do update set price = excluded.price, status = excluded.status, agency_id = excluded.agency_id, agent_id = excluded.agent_id, property_type_id = excluded.property_type_id, location_id = excluded.location_id, published_at = coalesce(public.listings.published_at, now());
insert into public.listing_images (listing_id, image_url, alt_text, sort_order, is_cover) values ('9dd996ec-7e27-5c45-9870-ee17ce0fc947', 'https://www.sakstons.com/wp-content/uploads/2023/10/Screenshot-2023-10-16-084913.png', '77 on Grayston – Modern 2 Bed 2 Bath – Apartment - Sakstons source image', 0, true) on conflict do nothing;
insert into public.listing_features (listing_id, feature) values ('9dd996ec-7e27-5c45-9870-ee17ce0fc947', 'Sakstons source listing') on conflict do nothing;
insert into public.listing_features (listing_id, feature) values ('9dd996ec-7e27-5c45-9870-ee17ce0fc947', 'Verified agency route') on conflict do nothing;
insert into public.listing_features (listing_id, feature) values ('9dd996ec-7e27-5c45-9870-ee17ce0fc947', 'POPIA-ready enquiry') on conflict do nothing;
insert into public.listings (id, agency_id, agent_id, property_type_id, location_id, title, slug, purpose, status, price, description, suburb, city, province, bedrooms, bathrooms, parking, erf_size_sqm, floor_size_sqm, is_featured, published_at)
select 'e6127256-1fb2-54e6-b03e-e1ba205be6d2', '5f060c4e-5bda-528a-ba9c-fba940dc59e0', 'a12d171e-a2d6-5ae0-908b-4b9f8d310311', pt.id, loc.id, 'Baldersani – 2 bed 1 bath – Garden Apartment', 'sakstons-baldersani-2-bed-1-bath-garden-apartment', 'rent', 'available', 9500, 'Modern 2 Bedroom, 1 Bathroom Garden Apartment in Sunninghill This inviting 2-bedroom, 1-bathroom garden apartment in Sunninghill offers a spacious and contemporary living space! Features: • The living area is beautifully tiled and features stackable doors that open to a covered patio, providing a seamless transition to', 'Sandton', 'Sandton', 'Gauteng', 2.0, 1.0, 0, null, 94.0, true, now()
from public.property_types pt, public.locations loc where pt.slug = 'apartment' and loc.slug = 'sandton-sandton'
on conflict (slug) do update set price = excluded.price, status = excluded.status, agency_id = excluded.agency_id, agent_id = excluded.agent_id, property_type_id = excluded.property_type_id, location_id = excluded.location_id, published_at = coalesce(public.listings.published_at, now());
insert into public.listing_images (listing_id, image_url, alt_text, sort_order, is_cover) values ('e6127256-1fb2-54e6-b03e-e1ba205be6d2', 'https://www.sakstons.com/wp-content/uploads/2023/10/Screenshot-2023-10-05-113809.png', 'Baldersani – 2 bed 1 bath – Garden Apartment - Sakstons source image', 0, true) on conflict do nothing;
insert into public.listing_features (listing_id, feature) values ('e6127256-1fb2-54e6-b03e-e1ba205be6d2', 'Sakstons source listing') on conflict do nothing;
insert into public.listing_features (listing_id, feature) values ('e6127256-1fb2-54e6-b03e-e1ba205be6d2', 'Verified agency route') on conflict do nothing;
insert into public.listing_features (listing_id, feature) values ('e6127256-1fb2-54e6-b03e-e1ba205be6d2', 'POPIA-ready enquiry') on conflict do nothing;
insert into public.listings (id, agency_id, agent_id, property_type_id, location_id, title, slug, purpose, status, price, description, suburb, city, province, bedrooms, bathrooms, parking, erf_size_sqm, floor_size_sqm, is_featured, published_at)
select 'b33c9342-3767-560f-ba69-57c5cbb7541c', '5f060c4e-5bda-528a-ba9c-fba940dc59e0', 'a12d171e-a2d6-5ae0-908b-4b9f8d310311', pt.id, loc.id, 'Georgian Terrace – 2 Bed 2 Bath – Garden Apartment – Morningside', 'sakstons-georgian-terrace-2-bed-2-bath-garden-apartment-morningside', 'rent', 'available', 10750, 'This stunning and spacious two-bedroom apartment in Morningside features a well-equipped kitchen with built-in cupboards, a pantry cupboard, microwave oven nook, double basin, and space for under-counter appliances, oven, and gas stove. The living area is generously sized and connects to a covered balcony through doubl', 'Sandton', 'Sandton', 'Gauteng', 2.0, 2.0, 0, null, 110.0, true, now()
from public.property_types pt, public.locations loc where pt.slug = 'apartment' and loc.slug = 'sandton-sandton'
on conflict (slug) do update set price = excluded.price, status = excluded.status, agency_id = excluded.agency_id, agent_id = excluded.agent_id, property_type_id = excluded.property_type_id, location_id = excluded.location_id, published_at = coalesce(public.listings.published_at, now());
insert into public.listing_images (listing_id, image_url, alt_text, sort_order, is_cover) values ('b33c9342-3767-560f-ba69-57c5cbb7541c', 'https://www.sakstons.com/wp-content/uploads/2023/08/20230803_143240_resized.jpg', 'Georgian Terrace – 2 Bed 2 Bath – Garden Apartment – Morningside - Sakstons source image', 0, true) on conflict do nothing;
insert into public.listing_features (listing_id, feature) values ('b33c9342-3767-560f-ba69-57c5cbb7541c', 'Sakstons source listing') on conflict do nothing;
insert into public.listing_features (listing_id, feature) values ('b33c9342-3767-560f-ba69-57c5cbb7541c', 'Verified agency route') on conflict do nothing;
insert into public.listing_features (listing_id, feature) values ('b33c9342-3767-560f-ba69-57c5cbb7541c', 'POPIA-ready enquiry') on conflict do nothing;
insert into public.listings (id, agency_id, agent_id, property_type_id, location_id, title, slug, purpose, status, price, description, suburb, city, province, bedrooms, bathrooms, parking, erf_size_sqm, floor_size_sqm, is_featured, published_at)
select '57bb0412-3b29-591d-baef-08da04b1c6a0', '5f060c4e-5bda-528a-ba9c-fba940dc59e0', 'e4cb4bc0-90f5-5dc0-a8ce-60b2829da6d6', pt.id, loc.id, 'Luxury Living in Monaco: Superb Penthouse in Fontvieille with Panoramic Sea View', 'sakstons-luxury-living-in-monaco-superb-penthouse-in-fontvieille-with-panoramic-sea-view', 'sale', 'available', 26500000, 'This is a luxurious penthouse apartment located in the Port of Fontvieille, offering a panoramic view of the marina. It has been completely renovated using high-quality materials and is furnished with branded furniture. The apartment is in a unique position and is not overlooked, ensuring privacy and exclusivity. The a', 'Sandton', 'Sandton', 'Gauteng', 3.0, 3.0, 2, null, 508.0, true, now()
from public.property_types pt, public.locations loc where pt.slug = 'apartment' and loc.slug = 'sandton-sandton'
on conflict (slug) do update set price = excluded.price, status = excluded.status, agency_id = excluded.agency_id, agent_id = excluded.agent_id, property_type_id = excluded.property_type_id, location_id = excluded.location_id, published_at = coalesce(public.listings.published_at, now());
insert into public.listing_images (listing_id, image_url, alt_text, sort_order, is_cover) values ('57bb0412-3b29-591d-baef-08da04b1c6a0', 'https://www.sakstons.com/wp-content/uploads/2023/04/pic1Monaco.jpg', 'Luxury Living in Monaco: Superb Penthouse in Fontvieille with Panoramic Sea View - Sakstons source image', 0, true) on conflict do nothing;
insert into public.listing_features (listing_id, feature) values ('57bb0412-3b29-591d-baef-08da04b1c6a0', 'Sakstons source listing') on conflict do nothing;
insert into public.listing_features (listing_id, feature) values ('57bb0412-3b29-591d-baef-08da04b1c6a0', 'Verified agency route') on conflict do nothing;
insert into public.listing_features (listing_id, feature) values ('57bb0412-3b29-591d-baef-08da04b1c6a0', 'POPIA-ready enquiry') on conflict do nothing;
insert into public.listings (id, agency_id, agent_id, property_type_id, location_id, title, slug, purpose, status, price, description, suburb, city, province, bedrooms, bathrooms, parking, erf_size_sqm, floor_size_sqm, is_featured, published_at)
select '7f060e8d-0fc0-5c69-a028-3271bd7ed591', '5f060c4e-5bda-528a-ba9c-fba940dc59e0', '272e472f-fb8c-5b7d-90a3-8376dfa3b4e5', pt.id, loc.id, 'Rental: Three Bedroom Two Bathroom Apartment in Sandown', 'sakstons-rental-three-bedroom-two-bathroom-apartment-in-sandown', 'rent', 'available', 13000, 'This newly renovated top floor apartment is in the well-maintained complex of Sandown Palms. Perfectly located close to Mandela Square, Sandton City and the Gautrain station, highway and other amenities. Very safe and secure Three spacious bedrooms with ample cupboards and laminated flooring Two bathrooms with one bein', 'Sandown', 'Sandton', 'Gauteng', 0.0, 0.0, 2, null, 95.0, true, now()
from public.property_types pt, public.locations loc where pt.slug = 'apartment' and loc.slug = 'sandown-sandton'
on conflict (slug) do update set price = excluded.price, status = excluded.status, agency_id = excluded.agency_id, agent_id = excluded.agent_id, property_type_id = excluded.property_type_id, location_id = excluded.location_id, published_at = coalesce(public.listings.published_at, now());
insert into public.listing_images (listing_id, image_url, alt_text, sort_order, is_cover) values ('7f060e8d-0fc0-5c69-a028-3271bd7ed591', 'https://www.sakstons.com/wp-content/uploads/2023/03/1.jpg', 'Rental: Three Bedroom Two Bathroom Apartment in Sandown - Sakstons source image', 0, true) on conflict do nothing;
insert into public.listing_features (listing_id, feature) values ('7f060e8d-0fc0-5c69-a028-3271bd7ed591', 'Sakstons source listing') on conflict do nothing;
insert into public.listing_features (listing_id, feature) values ('7f060e8d-0fc0-5c69-a028-3271bd7ed591', 'Verified agency route') on conflict do nothing;
insert into public.listing_features (listing_id, feature) values ('7f060e8d-0fc0-5c69-a028-3271bd7ed591', 'POPIA-ready enquiry') on conflict do nothing;
insert into public.listings (id, agency_id, agent_id, property_type_id, location_id, title, slug, purpose, status, price, description, suburb, city, province, bedrooms, bathrooms, parking, erf_size_sqm, floor_size_sqm, is_featured, published_at)
select 'a0f0573f-c3e5-589a-9994-32a67e8b72b6', '5f060c4e-5bda-528a-ba9c-fba940dc59e0', 'a12d171e-a2d6-5ae0-908b-4b9f8d310311', pt.id, loc.id, 'Santana Sunninghill – 3 Bed Cluster', 'sakstons-santana-sunninghill-3-bed-cluster', 'rent', 'available', 23000, '3 bed 3 bath double storey townhouse. Neat and spacious double story stand alone a must see. Open plan lounge, dining room and kitchen. Lounge opens out onto a covered patio and a very large easy to maintain garden with perfect sized sparkling pool. downstairs study room and domestic quarters aircon in all the rooms la', 'Sandton', 'Sandton', 'Gauteng', 3.0, 3.0, 2, null, 200.0, true, now()
from public.property_types pt, public.locations loc where pt.slug = 'property' and loc.slug = 'sandton-sandton'
on conflict (slug) do update set price = excluded.price, status = excluded.status, agency_id = excluded.agency_id, agent_id = excluded.agent_id, property_type_id = excluded.property_type_id, location_id = excluded.location_id, published_at = coalesce(public.listings.published_at, now());
insert into public.listing_images (listing_id, image_url, alt_text, sort_order, is_cover) values ('a0f0573f-c3e5-589a-9994-32a67e8b72b6', 'https://www.sakstons.com/wp-content/uploads/2023/03/20220512_150126.jpg', 'Santana Sunninghill – 3 Bed Cluster - Sakstons source image', 0, true) on conflict do nothing;
insert into public.listing_features (listing_id, feature) values ('a0f0573f-c3e5-589a-9994-32a67e8b72b6', 'Sakstons source listing') on conflict do nothing;
insert into public.listing_features (listing_id, feature) values ('a0f0573f-c3e5-589a-9994-32a67e8b72b6', 'Verified agency route') on conflict do nothing;
insert into public.listing_features (listing_id, feature) values ('a0f0573f-c3e5-589a-9994-32a67e8b72b6', 'POPIA-ready enquiry') on conflict do nothing;
insert into public.listings (id, agency_id, agent_id, property_type_id, location_id, title, slug, purpose, status, price, description, suburb, city, province, bedrooms, bathrooms, parking, erf_size_sqm, floor_size_sqm, is_featured, published_at)
select '9af0379c-1637-5892-94ac-4ecb7b71ac7e', '5f060c4e-5bda-528a-ba9c-fba940dc59e0', '272e472f-fb8c-5b7d-90a3-8376dfa3b4e5', pt.id, loc.id, 'Rental: The Avenues On Broadacres, Three Bedroom Cluster', 'sakstons-rental-the-avenues-on-broadacres-three-bedroom-cluster', 'rent', 'available', 25000, 'This modern gem is situated in the beautiful complex of The Avenues in Broadacres. Downstairs features an open plan lounge area leading out to a private patio with build in braai and private garden with a swimming pool; modern kitchen, dining area, guest toilet and fully automated double garage. Upstairs features three', 'Broadacres', 'Sandton', 'Gauteng', 3.0, 2.0, 2, null, 110.0, true, now()
from public.property_types pt, public.locations loc where pt.slug = 'cluster' and loc.slug = 'broadacres-sandton'
on conflict (slug) do update set price = excluded.price, status = excluded.status, agency_id = excluded.agency_id, agent_id = excluded.agent_id, property_type_id = excluded.property_type_id, location_id = excluded.location_id, published_at = coalesce(public.listings.published_at, now());
insert into public.listing_images (listing_id, image_url, alt_text, sort_order, is_cover) values ('9af0379c-1637-5892-94ac-4ecb7b71ac7e', 'https://www.sakstons.com/wp-content/uploads/2023/03/property-9404819-75808182_sd.jpg', 'Rental: The Avenues On Broadacres, Three Bedroom Cluster - Sakstons source image', 0, true) on conflict do nothing;
insert into public.listing_features (listing_id, feature) values ('9af0379c-1637-5892-94ac-4ecb7b71ac7e', 'Sakstons source listing') on conflict do nothing;
insert into public.listing_features (listing_id, feature) values ('9af0379c-1637-5892-94ac-4ecb7b71ac7e', 'Verified agency route') on conflict do nothing;
insert into public.listing_features (listing_id, feature) values ('9af0379c-1637-5892-94ac-4ecb7b71ac7e', 'POPIA-ready enquiry') on conflict do nothing;
insert into public.listings (id, agency_id, agent_id, property_type_id, location_id, title, slug, purpose, status, price, description, suburb, city, province, bedrooms, bathrooms, parking, erf_size_sqm, floor_size_sqm, is_featured, published_at)
select '9e2a3359-f9fc-5755-8ed1-f4526dc0495e', '5f060c4e-5bda-528a-ba9c-fba940dc59e0', 'a12d171e-a2d6-5ae0-908b-4b9f8d310311', pt.id, loc.id, 'The Kanyin – 2 bed 1 bath – Middle Floor Apartment', 'sakstons-the-kanyin-2-bed-1-bath-middle-floor-apartment-2', 'rent', 'available', 9000, 'The Kanyin boasts: a Clubhouse, a Fully Equipped Gym, Entertaining Area, Swimming Pool, Squash Courts, A Creche and 24 Hour Security. DESCRIPTION: • LOUNGE: Open plan spacious tiled with a sliding door leading out to the covered balcony with a built-in Braai. • KITCHEN: Open plan, granite tops, plenty of built-in cupbo', 'Sandton', 'Sandton', 'Gauteng', 2.0, 1.0, 0, null, 91.0, true, now()
from public.property_types pt, public.locations loc where pt.slug = 'apartment' and loc.slug = 'sandton-sandton'
on conflict (slug) do update set price = excluded.price, status = excluded.status, agency_id = excluded.agency_id, agent_id = excluded.agent_id, property_type_id = excluded.property_type_id, location_id = excluded.location_id, published_at = coalesce(public.listings.published_at, now());
insert into public.listing_images (listing_id, image_url, alt_text, sort_order, is_cover) values ('9e2a3359-f9fc-5755-8ed1-f4526dc0495e', 'https://www.sakstons.com/wp-content/uploads/2023/03/Capture.jpg', 'The Kanyin – 2 bed 1 bath – Middle Floor Apartment - Sakstons source image', 0, true) on conflict do nothing;
insert into public.listing_features (listing_id, feature) values ('9e2a3359-f9fc-5755-8ed1-f4526dc0495e', 'Sakstons source listing') on conflict do nothing;
insert into public.listing_features (listing_id, feature) values ('9e2a3359-f9fc-5755-8ed1-f4526dc0495e', 'Verified agency route') on conflict do nothing;
insert into public.listing_features (listing_id, feature) values ('9e2a3359-f9fc-5755-8ed1-f4526dc0495e', 'POPIA-ready enquiry') on conflict do nothing;
insert into public.listings (id, agency_id, agent_id, property_type_id, location_id, title, slug, purpose, status, price, description, suburb, city, province, bedrooms, bathrooms, parking, erf_size_sqm, floor_size_sqm, is_featured, published_at)
select 'f2b3b917-1d3b-502c-b674-af1cd43bf0eb', '5f060c4e-5bda-528a-ba9c-fba940dc59e0', 'a12d171e-a2d6-5ae0-908b-4b9f8d310311', pt.id, loc.id, 'The Kanyin – 2 Bed 2 Bath – Garden Apartment', 'sakstons-the-kanyin-2-bed-2-bath-garden-apartment-2', 'sale', 'available', 1400000, 'The Kanyin boasts: a Clubhouse, a Fully Equipped Gym, Entertaining Area, Swimming Pool, Squash Courts, A Creche and 24 Hour Security. DESCRIPTION: • LOUNGE: Open plan spacious tiled with a sliding door leading out to the covered balcony with a built-in braai with PET FRIENDLY garden. • KITCHEN: Open plan, granite tops,', 'Sandton', 'Sandton', 'Gauteng', 2.0, 2.0, 0, null, 94.0, true, now()
from public.property_types pt, public.locations loc where pt.slug = 'apartment' and loc.slug = 'sandton-sandton'
on conflict (slug) do update set price = excluded.price, status = excluded.status, agency_id = excluded.agency_id, agent_id = excluded.agent_id, property_type_id = excluded.property_type_id, location_id = excluded.location_id, published_at = coalesce(public.listings.published_at, now());
insert into public.listing_images (listing_id, image_url, alt_text, sort_order, is_cover) values ('f2b3b917-1d3b-502c-b674-af1cd43bf0eb', 'https://www.sakstons.com/wp-content/uploads/2023/02/pic_33282230_640x480.jpg', 'The Kanyin – 2 Bed 2 Bath – Garden Apartment - Sakstons source image', 0, true) on conflict do nothing;
insert into public.listing_features (listing_id, feature) values ('f2b3b917-1d3b-502c-b674-af1cd43bf0eb', 'Sakstons source listing') on conflict do nothing;
insert into public.listing_features (listing_id, feature) values ('f2b3b917-1d3b-502c-b674-af1cd43bf0eb', 'Verified agency route') on conflict do nothing;
insert into public.listing_features (listing_id, feature) values ('f2b3b917-1d3b-502c-b674-af1cd43bf0eb', 'POPIA-ready enquiry') on conflict do nothing;
insert into public.listings (id, agency_id, agent_id, property_type_id, location_id, title, slug, purpose, status, price, description, suburb, city, province, bedrooms, bathrooms, parking, erf_size_sqm, floor_size_sqm, is_featured, published_at)
select '2e1b6600-0854-559a-a44c-2bdecfa8de2a', '5f060c4e-5bda-528a-ba9c-fba940dc59e0', 'a12d171e-a2d6-5ae0-908b-4b9f8d310311', pt.id, loc.id, 'Kalgaro Estate – 2 Bed 1 Bath – Middle Floor Apartment', 'sakstons-kalgaro-estate-2-bed-1-bath-middle-floor-apartment', 'rent', 'available', 7750, 'This contemporary, well finished and pet friendly (cats and dogs) ground floor apartment features two bedrooms with built in cupboards, tiled flooring and two bathrooms one being an en-suite to the main, an open plan kitchen with Caesar stone counter tops, there is space for an upright fridge, tumble dryer and washing ', 'Sandton', 'Sandton', 'Gauteng', 2.0, 1.0, 0, null, 75.0, true, now()
from public.property_types pt, public.locations loc where pt.slug = 'apartment' and loc.slug = 'sandton-sandton'
on conflict (slug) do update set price = excluded.price, status = excluded.status, agency_id = excluded.agency_id, agent_id = excluded.agent_id, property_type_id = excluded.property_type_id, location_id = excluded.location_id, published_at = coalesce(public.listings.published_at, now());
insert into public.listing_images (listing_id, image_url, alt_text, sort_order, is_cover) values ('2e1b6600-0854-559a-a44c-2bdecfa8de2a', 'https://www.sakstons.com/wp-content/uploads/2023/02/01.jpg', 'Kalgaro Estate – 2 Bed 1 Bath – Middle Floor Apartment - Sakstons source image', 0, true) on conflict do nothing;
insert into public.listing_features (listing_id, feature) values ('2e1b6600-0854-559a-a44c-2bdecfa8de2a', 'Sakstons source listing') on conflict do nothing;
insert into public.listing_features (listing_id, feature) values ('2e1b6600-0854-559a-a44c-2bdecfa8de2a', 'Verified agency route') on conflict do nothing;
insert into public.listing_features (listing_id, feature) values ('2e1b6600-0854-559a-a44c-2bdecfa8de2a', 'POPIA-ready enquiry') on conflict do nothing;
insert into public.listings (id, agency_id, agent_id, property_type_id, location_id, title, slug, purpose, status, price, description, suburb, city, province, bedrooms, bathrooms, parking, erf_size_sqm, floor_size_sqm, is_featured, published_at)
select '83d22e5b-afcc-5d58-ac73-356e8d5d2bfe', '5f060c4e-5bda-528a-ba9c-fba940dc59e0', '272e472f-fb8c-5b7d-90a3-8376dfa3b4e5', pt.id, loc.id, 'The Atrium- Two Bedroom, One Bathroom Apartment', 'sakstons-the-atrium-two-bedroom-one-bathroom-apartment', 'rent', 'available', 12000, 'Spacious and modern middle floor apartment, featuring two bedrooms with built in cupboards and laminated flooring, one full bathroom (consisting of a bath/shower, basin and toilet), open plan kitchen leading into an open plan dining and lounge area, which in turn leads to a private and spacious balcony with stunning vi', 'Rivonia', 'Sandton', 'Gauteng', 2.0, 1.0, 2, null, 100.0, true, now()
from public.property_types pt, public.locations loc where pt.slug = 'apartment' and loc.slug = 'rivonia-sandton'
on conflict (slug) do update set price = excluded.price, status = excluded.status, agency_id = excluded.agency_id, agent_id = excluded.agent_id, property_type_id = excluded.property_type_id, location_id = excluded.location_id, published_at = coalesce(public.listings.published_at, now());
insert into public.listing_images (listing_id, image_url, alt_text, sort_order, is_cover) values ('83d22e5b-afcc-5d58-ac73-356e8d5d2bfe', 'https://www.sakstons.com/wp-content/uploads/2023/01/property-9260685-19449718_sd.jpg', 'The Atrium- Two Bedroom, One Bathroom Apartment - Sakstons source image', 0, true) on conflict do nothing;
insert into public.listing_features (listing_id, feature) values ('83d22e5b-afcc-5d58-ac73-356e8d5d2bfe', 'Sakstons source listing') on conflict do nothing;
insert into public.listing_features (listing_id, feature) values ('83d22e5b-afcc-5d58-ac73-356e8d5d2bfe', 'Verified agency route') on conflict do nothing;
insert into public.listing_features (listing_id, feature) values ('83d22e5b-afcc-5d58-ac73-356e8d5d2bfe', 'POPIA-ready enquiry') on conflict do nothing;
insert into public.listings (id, agency_id, agent_id, property_type_id, location_id, title, slug, purpose, status, price, description, suburb, city, province, bedrooms, bathrooms, parking, erf_size_sqm, floor_size_sqm, is_featured, published_at)
select '5b92bdc2-7122-582a-8daf-5cc316e81b2e', '5f060c4e-5bda-528a-ba9c-fba940dc59e0', '272e472f-fb8c-5b7d-90a3-8376dfa3b4e5', pt.id, loc.id, 'Rental: Three Bedroom Three Bathroom House In Westdene', 'sakstons-rental-three-bedroom-three-bathroom-house-in-westdene', 'rent', 'available', 22000, 'This newly renovated double storey house is situated in a quiet and secure road in Westdene. An entertainers dream. Pefectly located close to the freeway, public transport (Rea Vaya line), Melville, Campus Square, Westdene dam and parks, it is in close proximity to UJ, SABC, Helen Joseph Hospital & 5 km from Wits Unive', 'Westdene', 'Johannesburg', 'Gauteng', 3.0, 3.0, 3, 745.0, 205.0, true, now()
from public.property_types pt, public.locations loc where pt.slug = 'house' and loc.slug = 'westdene-johannesburg'
on conflict (slug) do update set price = excluded.price, status = excluded.status, agency_id = excluded.agency_id, agent_id = excluded.agent_id, property_type_id = excluded.property_type_id, location_id = excluded.location_id, published_at = coalesce(public.listings.published_at, now());
insert into public.listing_images (listing_id, image_url, alt_text, sort_order, is_cover) values ('5b92bdc2-7122-582a-8daf-5cc316e81b2e', 'https://www.sakstons.com/wp-content/uploads/2023/01/property-4766263-76699394_sd.jpg', 'Rental: Three Bedroom Three Bathroom House In Westdene - Sakstons source image', 0, true) on conflict do nothing;
insert into public.listing_features (listing_id, feature) values ('5b92bdc2-7122-582a-8daf-5cc316e81b2e', 'Sakstons source listing') on conflict do nothing;
insert into public.listing_features (listing_id, feature) values ('5b92bdc2-7122-582a-8daf-5cc316e81b2e', 'Verified agency route') on conflict do nothing;
insert into public.listing_features (listing_id, feature) values ('5b92bdc2-7122-582a-8daf-5cc316e81b2e', 'POPIA-ready enquiry') on conflict do nothing;
insert into public.listings (id, agency_id, agent_id, property_type_id, location_id, title, slug, purpose, status, price, description, suburb, city, province, bedrooms, bathrooms, parking, erf_size_sqm, floor_size_sqm, is_featured, published_at)
select '5b2d3fd8-1e33-5331-b6d3-7375c5679ae5', '5f060c4e-5bda-528a-ba9c-fba940dc59e0', '272e472f-fb8c-5b7d-90a3-8376dfa3b4e5', pt.id, loc.id, 'Rental: Fully Furnished Two Bedroom One Bathroom Garden Apartment In Rivonia', 'sakstons-rental-fully-furnished-two-bedroom-one-bathroom-garden-apartment-in-rivonia', 'rent', 'available', 12500, 'This fully furnished two bedroom one bathroom ground floor apartment is situated in the well managed and popular complex of The Willows. Perfectly located close to all amenities and freeway. The complex has a communal swimming pool and braai facilities. Fully Furnished Two bedrooms with build in cupboards and carpeted ', 'Rivonia', 'Sandton', 'Gauteng', 2.0, 1.0, 1, 110.0, 100.0, true, now()
from public.property_types pt, public.locations loc where pt.slug = 'apartment' and loc.slug = 'rivonia-sandton'
on conflict (slug) do update set price = excluded.price, status = excluded.status, agency_id = excluded.agency_id, agent_id = excluded.agent_id, property_type_id = excluded.property_type_id, location_id = excluded.location_id, published_at = coalesce(public.listings.published_at, now());
insert into public.listing_images (listing_id, image_url, alt_text, sort_order, is_cover) values ('5b2d3fd8-1e33-5331-b6d3-7375c5679ae5', 'https://www.sakstons.com/wp-content/uploads/2023/01/20230127_144712_resized.jpg', 'Rental: Fully Furnished Two Bedroom One Bathroom Garden Apartment In Rivonia - Sakstons source image', 0, true) on conflict do nothing;
insert into public.listing_features (listing_id, feature) values ('5b2d3fd8-1e33-5331-b6d3-7375c5679ae5', 'Sakstons source listing') on conflict do nothing;
insert into public.listing_features (listing_id, feature) values ('5b2d3fd8-1e33-5331-b6d3-7375c5679ae5', 'Verified agency route') on conflict do nothing;
insert into public.listing_features (listing_id, feature) values ('5b2d3fd8-1e33-5331-b6d3-7375c5679ae5', 'POPIA-ready enquiry') on conflict do nothing;
insert into public.listings (id, agency_id, agent_id, property_type_id, location_id, title, slug, purpose, status, price, description, suburb, city, province, bedrooms, bathrooms, parking, erf_size_sqm, floor_size_sqm, is_featured, published_at)
select '7cef92da-8030-5082-b079-07643239a4f2', '5f060c4e-5bda-528a-ba9c-fba940dc59e0', 'e4cb4bc0-90f5-5dc0-a8ce-60b2829da6d6', pt.id, loc.id, 'Cedar Acres Estate- Three Bedroom, Two Bathroom Middle Floor Apartment', 'sakstons-cedar-acres-estate-three-bedroom-two-bathroom-middle-floor-apartment', 'rent', 'available', 11000, 'This Beautiful middle floor apartment in a sought-after complex features three bedrooms and two bathrooms , an open plan kitchen has space for two undercounter appliance and an upright fridge, spacious lounge area. The apartment is fibre internet ready and has two undercover parkings. The complex features 24-hour acces', 'Sandton', 'Sandton', 'Gauteng', 3.0, 2.0, 0, null, 107.0, true, now()
from public.property_types pt, public.locations loc where pt.slug = 'apartment' and loc.slug = 'sandton-sandton'
on conflict (slug) do update set price = excluded.price, status = excluded.status, agency_id = excluded.agency_id, agent_id = excluded.agent_id, property_type_id = excluded.property_type_id, location_id = excluded.location_id, published_at = coalesce(public.listings.published_at, now());
insert into public.listing_images (listing_id, image_url, alt_text, sort_order, is_cover) values ('7cef92da-8030-5082-b079-07643239a4f2', 'https://www.sakstons.com/wp-content/uploads/2023/01/1-2.jpg', 'Cedar Acres Estate- Three Bedroom, Two Bathroom Middle Floor Apartment - Sakstons source image', 0, true) on conflict do nothing;
insert into public.listing_features (listing_id, feature) values ('7cef92da-8030-5082-b079-07643239a4f2', 'Sakstons source listing') on conflict do nothing;
insert into public.listing_features (listing_id, feature) values ('7cef92da-8030-5082-b079-07643239a4f2', 'Verified agency route') on conflict do nothing;
insert into public.listing_features (listing_id, feature) values ('7cef92da-8030-5082-b079-07643239a4f2', 'POPIA-ready enquiry') on conflict do nothing;
insert into public.listings (id, agency_id, agent_id, property_type_id, location_id, title, slug, purpose, status, price, description, suburb, city, province, bedrooms, bathrooms, parking, erf_size_sqm, floor_size_sqm, is_featured, published_at)
select 'c8dbe679-c9ca-5ff2-9ccb-97ffdb36bba5', '5f060c4e-5bda-528a-ba9c-fba940dc59e0', 'a12d171e-a2d6-5ae0-908b-4b9f8d310311', pt.id, loc.id, 'The Kanyin – 2 Bed 1 Bath – Middle Floor Apartment', 'sakstons-the-kanyin-2-bed-1-bath-middle-floor-apartment', 'sale', 'available', 1100000, 'The Kanyin boasts: a Clubhouse, a Fully Equipped Gym, Entertaining Area, Swimming Pool, Squash Courts, A Creche and 24 Hour Security. DESCRIPTION: • LOUNGE: Open plan spacious tiled with a sliding door leading out to the covered balcony with a built-in Braai. • KITCHEN: Open plan, granite tops, plenty of built-in cupbo', 'Sandton', 'Sandton', 'Gauteng', 2.0, 1.0, 2, null, 90.0, true, now()
from public.property_types pt, public.locations loc where pt.slug = 'apartment' and loc.slug = 'sandton-sandton'
on conflict (slug) do update set price = excluded.price, status = excluded.status, agency_id = excluded.agency_id, agent_id = excluded.agent_id, property_type_id = excluded.property_type_id, location_id = excluded.location_id, published_at = coalesce(public.listings.published_at, now());
insert into public.listing_images (listing_id, image_url, alt_text, sort_order, is_cover) values ('c8dbe679-c9ca-5ff2-9ccb-97ffdb36bba5', 'https://www.sakstons.com/wp-content/uploads/2023/01/1-Capture-1.jpg', 'The Kanyin – 2 Bed 1 Bath – Middle Floor Apartment - Sakstons source image', 0, true) on conflict do nothing;
insert into public.listing_features (listing_id, feature) values ('c8dbe679-c9ca-5ff2-9ccb-97ffdb36bba5', 'Sakstons source listing') on conflict do nothing;
insert into public.listing_features (listing_id, feature) values ('c8dbe679-c9ca-5ff2-9ccb-97ffdb36bba5', 'Verified agency route') on conflict do nothing;
insert into public.listing_features (listing_id, feature) values ('c8dbe679-c9ca-5ff2-9ccb-97ffdb36bba5', 'POPIA-ready enquiry') on conflict do nothing;
insert into public.listings (id, agency_id, agent_id, property_type_id, location_id, title, slug, purpose, status, price, description, suburb, city, province, bedrooms, bathrooms, parking, erf_size_sqm, floor_size_sqm, is_featured, published_at)
select '39a1a471-ad72-5715-948e-6c1739dcc3ec', '5f060c4e-5bda-528a-ba9c-fba940dc59e0', '272e472f-fb8c-5b7d-90a3-8376dfa3b4e5', pt.id, loc.id, 'Rental: Four Bedroom, Four Bathrooms Fully Furnished Apartment in Strathavon.', 'sakstons-rental-four-bedroom-four-bathrooms-fully-furnished-apartment-in-strathavon', 'rent', 'available', 40000, 'This spacious and elegantly furnished double storey apartment is situated in the beautiful Forest Sandown. It has four spacious bedrooms and three bathrooms. Perfectly located close to all amenities and freeway. The complex is surrounded by nature giving a tranquil feeling. Fully Furnished Maximum of 7 people can occup', 'Strathavon', 'Sandton', 'Gauteng', 4.0, 4.0, 2, 466.0, 266.0, true, now()
from public.property_types pt, public.locations loc where pt.slug = 'apartment' and loc.slug = 'strathavon-sandton'
on conflict (slug) do update set price = excluded.price, status = excluded.status, agency_id = excluded.agency_id, agent_id = excluded.agent_id, property_type_id = excluded.property_type_id, location_id = excluded.location_id, published_at = coalesce(public.listings.published_at, now());
insert into public.listing_images (listing_id, image_url, alt_text, sort_order, is_cover) values ('39a1a471-ad72-5715-948e-6c1739dcc3ec', 'https://www.sakstons.com/wp-content/uploads/2023/01/property-6585481-37402327_sd-2.jpg', 'Rental: Four Bedroom, Four Bathrooms Fully Furnished Apartment in Strathavon. - Sakstons source image', 0, true) on conflict do nothing;
insert into public.listing_features (listing_id, feature) values ('39a1a471-ad72-5715-948e-6c1739dcc3ec', 'Sakstons source listing') on conflict do nothing;
insert into public.listing_features (listing_id, feature) values ('39a1a471-ad72-5715-948e-6c1739dcc3ec', 'Verified agency route') on conflict do nothing;
insert into public.listing_features (listing_id, feature) values ('39a1a471-ad72-5715-948e-6c1739dcc3ec', 'POPIA-ready enquiry') on conflict do nothing;
insert into public.listings (id, agency_id, agent_id, property_type_id, location_id, title, slug, purpose, status, price, description, suburb, city, province, bedrooms, bathrooms, parking, erf_size_sqm, floor_size_sqm, is_featured, published_at)
select '6b9a3981-f2ac-5748-902b-aeb26062c764', '5f060c4e-5bda-528a-ba9c-fba940dc59e0', '272e472f-fb8c-5b7d-90a3-8376dfa3b4e5', pt.id, loc.id, 'Rental: Two Bedroom, Two Bathrooms Fully Furnished Apartment in Strathavon.', 'sakstons-rental-two-bedroom-two-bathrooms-fully-furnished-apartment-in-strathavon-2', 'rent', 'available', 22000, 'This spacious and beautifully furnished apartment is situated in the beautiful Forest Sandown. It has two spacious bedrooms and two bathrooms. Perfectly located close to all amenities and freeway. The complex is surrounded by nature giving a tranquil feeling. Fully Furnished Beautiful kitchen ample cupboard space and i', 'Strathavon', 'Sandton', 'Gauteng', 2.0, 0.0, 1, 160.0, 160.0, true, now()
from public.property_types pt, public.locations loc where pt.slug = 'apartment' and loc.slug = 'strathavon-sandton'
on conflict (slug) do update set price = excluded.price, status = excluded.status, agency_id = excluded.agency_id, agent_id = excluded.agent_id, property_type_id = excluded.property_type_id, location_id = excluded.location_id, published_at = coalesce(public.listings.published_at, now());
insert into public.listing_images (listing_id, image_url, alt_text, sort_order, is_cover) values ('6b9a3981-f2ac-5748-902b-aeb26062c764', 'https://www.sakstons.com/wp-content/uploads/2023/01/property-7369469-15096636_sd.jpg', 'Rental: Two Bedroom, Two Bathrooms Fully Furnished Apartment in Strathavon. - Sakstons source image', 0, true) on conflict do nothing;
insert into public.listing_features (listing_id, feature) values ('6b9a3981-f2ac-5748-902b-aeb26062c764', 'Sakstons source listing') on conflict do nothing;
insert into public.listing_features (listing_id, feature) values ('6b9a3981-f2ac-5748-902b-aeb26062c764', 'Verified agency route') on conflict do nothing;
insert into public.listing_features (listing_id, feature) values ('6b9a3981-f2ac-5748-902b-aeb26062c764', 'POPIA-ready enquiry') on conflict do nothing;
insert into public.listings (id, agency_id, agent_id, property_type_id, location_id, title, slug, purpose, status, price, description, suburb, city, province, bedrooms, bathrooms, parking, erf_size_sqm, floor_size_sqm, is_featured, published_at)
select 'a821377d-2b1e-5e0f-a536-f392050b3dac', '5f060c4e-5bda-528a-ba9c-fba940dc59e0', '272e472f-fb8c-5b7d-90a3-8376dfa3b4e5', pt.id, loc.id, 'Rental: Two Bedroom, Two Bathrooms Fully Furnished Apartment in Strathavon.', 'sakstons-rental-two-bedroom-two-bathrooms-fully-furnished-apartment-in-strathavon', 'rent', 'available', 24000, 'This spacious and elegantly furnished luxury apartment is situated in the beautiful Forest Sandown. It has two spacious bedrooms and two bathrooms. Perfectly located close to all amenities and freeway. The complex is surrounded by nature giving a tranquil feeling. Fully Furnished Beautiful kitchen ample cupboard space ', 'Strathavon', 'Sandton', 'Gauteng', 2.0, 2.0, 1, 238.0, 168.0, true, now()
from public.property_types pt, public.locations loc where pt.slug = 'apartment' and loc.slug = 'strathavon-sandton'
on conflict (slug) do update set price = excluded.price, status = excluded.status, agency_id = excluded.agency_id, agent_id = excluded.agent_id, property_type_id = excluded.property_type_id, location_id = excluded.location_id, published_at = coalesce(public.listings.published_at, now());
insert into public.listing_images (listing_id, image_url, alt_text, sort_order, is_cover) values ('a821377d-2b1e-5e0f-a536-f392050b3dac', 'https://www.sakstons.com/wp-content/uploads/2023/01/property-6585481-37402327_sd-1.jpg', 'Rental: Two Bedroom, Two Bathrooms Fully Furnished Apartment in Strathavon. - Sakstons source image', 0, true) on conflict do nothing;
insert into public.listing_features (listing_id, feature) values ('a821377d-2b1e-5e0f-a536-f392050b3dac', 'Sakstons source listing') on conflict do nothing;
insert into public.listing_features (listing_id, feature) values ('a821377d-2b1e-5e0f-a536-f392050b3dac', 'Verified agency route') on conflict do nothing;
insert into public.listing_features (listing_id, feature) values ('a821377d-2b1e-5e0f-a536-f392050b3dac', 'POPIA-ready enquiry') on conflict do nothing;
insert into public.listings (id, agency_id, agent_id, property_type_id, location_id, title, slug, purpose, status, price, description, suburb, city, province, bedrooms, bathrooms, parking, erf_size_sqm, floor_size_sqm, is_featured, published_at)
select '11a3d923-f5ba-523c-9bab-2b458b01ae38', '5f060c4e-5bda-528a-ba9c-fba940dc59e0', 'e4cb4bc0-90f5-5dc0-a8ce-60b2829da6d6', pt.id, loc.id, 'Marina Vista- One Bedroom, One Bathroom Apartment', 'sakstons-marina-vista-one-bedroom-one-bathroom-apartment', 'rent', 'available', 12000, 'This Beautiful newly Renovated apartment perfectly located in a sought-after complex features one bedroom with a walk-in closet and one en suite bathroom, an open plan Dining room and lounge leading onto a spacious balcony, kitchen with space for one undercounter appliance and an upright fridge. The apartment is fibre ', 'Parkmore', 'Sandton', 'Gauteng', 1.0, 1.0, 1, null, 67.0, true, now()
from public.property_types pt, public.locations loc where pt.slug = 'apartment' and loc.slug = 'parkmore-sandton'
on conflict (slug) do update set price = excluded.price, status = excluded.status, agency_id = excluded.agency_id, agent_id = excluded.agent_id, property_type_id = excluded.property_type_id, location_id = excluded.location_id, published_at = coalesce(public.listings.published_at, now());
insert into public.listing_images (listing_id, image_url, alt_text, sort_order, is_cover) values ('11a3d923-f5ba-523c-9bab-2b458b01ae38', 'https://www.sakstons.com/wp-content/uploads/2023/01/1-1.jpg', 'Marina Vista- One Bedroom, One Bathroom Apartment - Sakstons source image', 0, true) on conflict do nothing;
insert into public.listing_features (listing_id, feature) values ('11a3d923-f5ba-523c-9bab-2b458b01ae38', 'Sakstons source listing') on conflict do nothing;
insert into public.listing_features (listing_id, feature) values ('11a3d923-f5ba-523c-9bab-2b458b01ae38', 'Verified agency route') on conflict do nothing;
insert into public.listing_features (listing_id, feature) values ('11a3d923-f5ba-523c-9bab-2b458b01ae38', 'POPIA-ready enquiry') on conflict do nothing;
insert into public.listings (id, agency_id, agent_id, property_type_id, location_id, title, slug, purpose, status, price, description, suburb, city, province, bedrooms, bathrooms, parking, erf_size_sqm, floor_size_sqm, is_featured, published_at)
select 'fc3d68fe-de8d-5312-a9cf-3c0d5bfd3b4f', '5f060c4e-5bda-528a-ba9c-fba940dc59e0', '272e472f-fb8c-5b7d-90a3-8376dfa3b4e5', pt.id, loc.id, 'Rental: Four Bedroom, Four Bathrooms Fully Furnished Cluster in Sandown.', 'sakstons-rental-four-bedroom-four-bathrooms-fully-furnished-cluster-in-sandown', 'rent', 'available', 40000, 'This spacious and beautifully furnished cluster is situated in the beautiful Royal Sandown. It has four spacious bedrooms, four en-suite bathrooms and a stunning indoor pool. Perfectly located close to all amenities and freeway. Very safe and secure. Fully Furnished Beautiful kitchen with separate scullery and pantry D', 'Sandown', 'Sandton', 'Gauteng', 4.0, 4.0, 2, 560.0, 480.0, true, now()
from public.property_types pt, public.locations loc where pt.slug = 'cluster' and loc.slug = 'sandown-sandton'
on conflict (slug) do update set price = excluded.price, status = excluded.status, agency_id = excluded.agency_id, agent_id = excluded.agent_id, property_type_id = excluded.property_type_id, location_id = excluded.location_id, published_at = coalesce(public.listings.published_at, now());
insert into public.listing_images (listing_id, image_url, alt_text, sort_order, is_cover) values ('fc3d68fe-de8d-5312-a9cf-3c0d5bfd3b4f', 'https://www.sakstons.com/wp-content/uploads/2023/01/property-7364793-45943743_sd.jpg', 'Rental: Four Bedroom, Four Bathrooms Fully Furnished Cluster in Sandown. - Sakstons source image', 0, true) on conflict do nothing;
insert into public.listing_features (listing_id, feature) values ('fc3d68fe-de8d-5312-a9cf-3c0d5bfd3b4f', 'Sakstons source listing') on conflict do nothing;
insert into public.listing_features (listing_id, feature) values ('fc3d68fe-de8d-5312-a9cf-3c0d5bfd3b4f', 'Verified agency route') on conflict do nothing;
insert into public.listing_features (listing_id, feature) values ('fc3d68fe-de8d-5312-a9cf-3c0d5bfd3b4f', 'POPIA-ready enquiry') on conflict do nothing;
insert into public.listings (id, agency_id, agent_id, property_type_id, location_id, title, slug, purpose, status, price, description, suburb, city, province, bedrooms, bathrooms, parking, erf_size_sqm, floor_size_sqm, is_featured, published_at)
select '559dc83f-bb53-5bde-b9da-c0656fd2dcf3', '5f060c4e-5bda-528a-ba9c-fba940dc59e0', '272e472f-fb8c-5b7d-90a3-8376dfa3b4e5', pt.id, loc.id, 'Rental: Four Bedroom, Three Bathroom Fully Furnished Apartment in Strathavon.', 'sakstons-rental-four-bedroom-three-bathroom-fully-furnished-apartment-in-strathavon', 'rent', 'available', 30000, 'This spacious and elegantly furnished double storey apartment is situated in the beautiful Forest Sandown. It has four spacious bedrooms and three bathrooms. Perfectly located close to all amenities and freeway. The complex is surrounded by nature giving a tranquil feeling. Fully Furnished Maximum of 7 people can occup', 'Strathavon', 'Sandton', 'Gauteng', 4.0, 3.0, 1, 228.0, 185.0, true, now()
from public.property_types pt, public.locations loc where pt.slug = 'apartment' and loc.slug = 'strathavon-sandton'
on conflict (slug) do update set price = excluded.price, status = excluded.status, agency_id = excluded.agency_id, agent_id = excluded.agent_id, property_type_id = excluded.property_type_id, location_id = excluded.location_id, published_at = coalesce(public.listings.published_at, now());
insert into public.listing_images (listing_id, image_url, alt_text, sort_order, is_cover) values ('559dc83f-bb53-5bde-b9da-c0656fd2dcf3', 'https://www.sakstons.com/wp-content/uploads/2023/01/property-6585481-37402327_sd.jpg', 'Rental: Four Bedroom, Three Bathroom Fully Furnished Apartment in Strathavon. - Sakstons source image', 0, true) on conflict do nothing;
insert into public.listing_features (listing_id, feature) values ('559dc83f-bb53-5bde-b9da-c0656fd2dcf3', 'Sakstons source listing') on conflict do nothing;
insert into public.listing_features (listing_id, feature) values ('559dc83f-bb53-5bde-b9da-c0656fd2dcf3', 'Verified agency route') on conflict do nothing;
insert into public.listing_features (listing_id, feature) values ('559dc83f-bb53-5bde-b9da-c0656fd2dcf3', 'POPIA-ready enquiry') on conflict do nothing;
insert into public.listings (id, agency_id, agent_id, property_type_id, location_id, title, slug, purpose, status, price, description, suburb, city, province, bedrooms, bathrooms, parking, erf_size_sqm, floor_size_sqm, is_featured, published_at)
select 'caae8141-f406-5eec-a04c-2dc2a53f0f4b', '5f060c4e-5bda-528a-ba9c-fba940dc59e0', 'a12d171e-a2d6-5ae0-908b-4b9f8d310311', pt.id, loc.id, 'The Kanyin – 2 Bed 2 Bath – Garden Apartment', 'sakstons-the-kanyin-2-bed-2-bath-garden-apartment', 'rent', 'available', 11000, 'The Kanyin boasts: a Clubhouse, a Fully Equipped Gym, Entertaining Area, Swimming Pool, Squash Courts, A Creche and 24 Hour Security. DESCRIPTION: • LOUNGE: Open plan spacious tiled with a sliding door leading out to the covered balcony with a built-in braai and pet friendly garden. • KITCHEN: Open plan, granite tops, ', 'Sandton', 'Sandton', 'Gauteng', 2.0, 2.0, 0, null, 91.0, true, now()
from public.property_types pt, public.locations loc where pt.slug = 'apartment' and loc.slug = 'sandton-sandton'
on conflict (slug) do update set price = excluded.price, status = excluded.status, agency_id = excluded.agency_id, agent_id = excluded.agent_id, property_type_id = excluded.property_type_id, location_id = excluded.location_id, published_at = coalesce(public.listings.published_at, now());
insert into public.listing_images (listing_id, image_url, alt_text, sort_order, is_cover) values ('caae8141-f406-5eec-a04c-2dc2a53f0f4b', 'https://www.sakstons.com/wp-content/uploads/2023/01/01.-2.jpg', 'The Kanyin – 2 Bed 2 Bath – Garden Apartment - Sakstons source image', 0, true) on conflict do nothing;
insert into public.listing_features (listing_id, feature) values ('caae8141-f406-5eec-a04c-2dc2a53f0f4b', 'Sakstons source listing') on conflict do nothing;
insert into public.listing_features (listing_id, feature) values ('caae8141-f406-5eec-a04c-2dc2a53f0f4b', 'Verified agency route') on conflict do nothing;
insert into public.listing_features (listing_id, feature) values ('caae8141-f406-5eec-a04c-2dc2a53f0f4b', 'POPIA-ready enquiry') on conflict do nothing;
insert into public.listings (id, agency_id, agent_id, property_type_id, location_id, title, slug, purpose, status, price, description, suburb, city, province, bedrooms, bathrooms, parking, erf_size_sqm, floor_size_sqm, is_featured, published_at)
select 'ce45cd17-aaf2-56c3-b61c-d00e4810dc39', '5f060c4e-5bda-528a-ba9c-fba940dc59e0', 'a12d171e-a2d6-5ae0-908b-4b9f8d310311', pt.id, loc.id, 'The Kanyin – 1 Bed 1 Bath – Top Floor Apartment', 'sakstons-the-kanyin-1-bed-1-bath-top-floor-apartment', 'sale', 'available', 900000, 'The Kanyin boasts: a Clubhouse, a Fully Equipped Gym, Entertaining Area, Swimming Pool, Squash Courts, A Creche and 24 Hour Security. DESCRIPTION: • LOUNGE: Open plan spacious tiled with a sliding door leading out to the covered balcony with a built-in Braai. • KITCHEN: Open plan, granite tops, plenty of built-in cupbo', 'Sandton', 'Sandton', 'Gauteng', 1.0, 1.0, 0, null, 60.0, true, now()
from public.property_types pt, public.locations loc where pt.slug = 'apartment' and loc.slug = 'sandton-sandton'
on conflict (slug) do update set price = excluded.price, status = excluded.status, agency_id = excluded.agency_id, agent_id = excluded.agent_id, property_type_id = excluded.property_type_id, location_id = excluded.location_id, published_at = coalesce(public.listings.published_at, now());
insert into public.listing_images (listing_id, image_url, alt_text, sort_order, is_cover) values ('ce45cd17-aaf2-56c3-b61c-d00e4810dc39', 'https://www.sakstons.com/wp-content/uploads/2023/01/01.-1.jpg', 'The Kanyin – 1 Bed 1 Bath – Top Floor Apartment - Sakstons source image', 0, true) on conflict do nothing;
insert into public.listing_features (listing_id, feature) values ('ce45cd17-aaf2-56c3-b61c-d00e4810dc39', 'Sakstons source listing') on conflict do nothing;
insert into public.listing_features (listing_id, feature) values ('ce45cd17-aaf2-56c3-b61c-d00e4810dc39', 'Verified agency route') on conflict do nothing;
insert into public.listing_features (listing_id, feature) values ('ce45cd17-aaf2-56c3-b61c-d00e4810dc39', 'POPIA-ready enquiry') on conflict do nothing;
insert into public.listings (id, agency_id, agent_id, property_type_id, location_id, title, slug, purpose, status, price, description, suburb, city, province, bedrooms, bathrooms, parking, erf_size_sqm, floor_size_sqm, is_featured, published_at)
select 'e3d6660c-d1a5-5eca-9f72-a7e166131fe5', '5f060c4e-5bda-528a-ba9c-fba940dc59e0', 'a12d171e-a2d6-5ae0-908b-4b9f8d310311', pt.id, loc.id, 'The Kanyin – 2 Bed 2 Bath – Middle Floor Apartment', 'sakstons-the-kanyin-2-bed-2-bath-middle-floor-apartment', 'rent', 'available', 10000, 'The Kanyin boasts: a Clubhouse, a Fully Equipped Gym, Entertaining Area, Swimming Pool, Squash Courts, A Creche and 24 Hour Security. DESCRIPTION: • LOUNGE: Open plan spacious tiled with a sliding door leading out to the covered balcony with a built-in Braai. • KITCHEN: Open plan, granite tops, plenty of built-in cupbo', 'Sandton', 'Sandton', 'Gauteng', 2.0, 2.0, 0, null, 91.0, true, now()
from public.property_types pt, public.locations loc where pt.slug = 'apartment' and loc.slug = 'sandton-sandton'
on conflict (slug) do update set price = excluded.price, status = excluded.status, agency_id = excluded.agency_id, agent_id = excluded.agent_id, property_type_id = excluded.property_type_id, location_id = excluded.location_id, published_at = coalesce(public.listings.published_at, now());
insert into public.listing_images (listing_id, image_url, alt_text, sort_order, is_cover) values ('e3d6660c-d1a5-5eca-9f72-a7e166131fe5', 'https://www.sakstons.com/wp-content/uploads/2023/01/Capture-1.jpg', 'The Kanyin – 2 Bed 2 Bath – Middle Floor Apartment - Sakstons source image', 0, true) on conflict do nothing;
insert into public.listing_features (listing_id, feature) values ('e3d6660c-d1a5-5eca-9f72-a7e166131fe5', 'Sakstons source listing') on conflict do nothing;
insert into public.listing_features (listing_id, feature) values ('e3d6660c-d1a5-5eca-9f72-a7e166131fe5', 'Verified agency route') on conflict do nothing;
insert into public.listing_features (listing_id, feature) values ('e3d6660c-d1a5-5eca-9f72-a7e166131fe5', 'POPIA-ready enquiry') on conflict do nothing;
insert into public.listings (id, agency_id, agent_id, property_type_id, location_id, title, slug, purpose, status, price, description, suburb, city, province, bedrooms, bathrooms, parking, erf_size_sqm, floor_size_sqm, is_featured, published_at)
select '560968ca-382a-5caf-afa2-7823407dbefd', '5f060c4e-5bda-528a-ba9c-fba940dc59e0', '272e472f-fb8c-5b7d-90a3-8376dfa3b4e5', pt.id, loc.id, 'THE MATRIX – One Bedroom, One Bathroom MIDDLE Apartment', 'sakstons-the-matrix-one-bedroom-one-bathroom-middle-apartment', 'rent', 'available', 6800, 'This modern and spacious open plan middle floor apartment features one bedroom with built in cupboards and carpeted flooring, one full bathroom, an open plan kitchen, leading into the dining / lounge area and a private, shaded balcony on the lower level. The lounge setup with communal DSTV connections. The apartment is', 'Paulshof', 'Sandton', 'Gauteng', 1.0, 1.0, 0, null, 45.0, true, now()
from public.property_types pt, public.locations loc where pt.slug = 'apartment' and loc.slug = 'paulshof-sandton'
on conflict (slug) do update set price = excluded.price, status = excluded.status, agency_id = excluded.agency_id, agent_id = excluded.agent_id, property_type_id = excluded.property_type_id, location_id = excluded.location_id, published_at = coalesce(public.listings.published_at, now());
insert into public.listing_images (listing_id, image_url, alt_text, sort_order, is_cover) values ('560968ca-382a-5caf-afa2-7823407dbefd', 'https://www.sakstons.com/wp-content/uploads/2023/01/01-13.jpg', 'THE MATRIX – One Bedroom, One Bathroom MIDDLE Apartment - Sakstons source image', 0, true) on conflict do nothing;
insert into public.listing_features (listing_id, feature) values ('560968ca-382a-5caf-afa2-7823407dbefd', 'Sakstons source listing') on conflict do nothing;
insert into public.listing_features (listing_id, feature) values ('560968ca-382a-5caf-afa2-7823407dbefd', 'Verified agency route') on conflict do nothing;
insert into public.listing_features (listing_id, feature) values ('560968ca-382a-5caf-afa2-7823407dbefd', 'POPIA-ready enquiry') on conflict do nothing;
insert into public.listings (id, agency_id, agent_id, property_type_id, location_id, title, slug, purpose, status, price, description, suburb, city, province, bedrooms, bathrooms, parking, erf_size_sqm, floor_size_sqm, is_featured, published_at)
select '6a0beb89-f8a9-5a2a-9b33-ec3abf1e8cf4', '5f060c4e-5bda-528a-ba9c-fba940dc59e0', 'e4cb4bc0-90f5-5dc0-a8ce-60b2829da6d6', pt.id, loc.id, 'HYRDO PARK – One Bedroom, One Bathroom SECOND FLOOR Apartment', 'sakstons-hyrdo-park-one-bedroom-one-bathroom-second-floor-apartment-2', 'rent', 'available', 8000, 'This ideally located and spacious second floor open plan apartment features one bedroom with built in cupboards and tiled flooring, one full bathroom en suite and a separate guest toilet, an open plan kitchen with a space for an upright fridge and one under counter appliance, leading into the dining / lounge area and a', 'Sandton', 'Sandton', 'Gauteng', 1.0, 2.0, 1, null, 54.0, true, now()
from public.property_types pt, public.locations loc where pt.slug = 'apartment' and loc.slug = 'sandton-sandton'
on conflict (slug) do update set price = excluded.price, status = excluded.status, agency_id = excluded.agency_id, agent_id = excluded.agent_id, property_type_id = excluded.property_type_id, location_id = excluded.location_id, published_at = coalesce(public.listings.published_at, now());
insert into public.listing_images (listing_id, image_url, alt_text, sort_order, is_cover) values ('6a0beb89-f8a9-5a2a-9b33-ec3abf1e8cf4', 'https://www.sakstons.com/wp-content/uploads/2023/01/01-12.jpg', 'HYRDO PARK – One Bedroom, One Bathroom SECOND FLOOR Apartment - Sakstons source image', 0, true) on conflict do nothing;
insert into public.listing_features (listing_id, feature) values ('6a0beb89-f8a9-5a2a-9b33-ec3abf1e8cf4', 'Sakstons source listing') on conflict do nothing;
insert into public.listing_features (listing_id, feature) values ('6a0beb89-f8a9-5a2a-9b33-ec3abf1e8cf4', 'Verified agency route') on conflict do nothing;
insert into public.listing_features (listing_id, feature) values ('6a0beb89-f8a9-5a2a-9b33-ec3abf1e8cf4', 'POPIA-ready enquiry') on conflict do nothing;
insert into public.listings (id, agency_id, agent_id, property_type_id, location_id, title, slug, purpose, status, price, description, suburb, city, province, bedrooms, bathrooms, parking, erf_size_sqm, floor_size_sqm, is_featured, published_at)
select '3119f7c7-b097-5c96-896a-0ba6b8539a46', '5f060c4e-5bda-528a-ba9c-fba940dc59e0', 'e4cb4bc0-90f5-5dc0-a8ce-60b2829da6d6', pt.id, loc.id, 'THE WILLIAM – Two Bedroom and Two Bathroom SECOND FLOOR Apartment', 'sakstons-the-william-two-bedroom-and-two-bathroom-second-floor-apartment', 'rent', 'available', 9000, 'This contemporary, well finished and pet friendly (cats only, no dogs) second floor apartment features two bedroom’s with built in cupboards, tiled flooring, an en suite bathroom off the main bedroom, one full guest bathroom, an open plan kitchen with Caesar stone counter tops, a gas hob, an upright fridge, dishwasher,', 'Midrand', 'Midrand', 'Gauteng', 2.0, 2.0, 0, null, 85.0, true, now()
from public.property_types pt, public.locations loc where pt.slug = 'apartment' and loc.slug = 'midrand-midrand'
on conflict (slug) do update set price = excluded.price, status = excluded.status, agency_id = excluded.agency_id, agent_id = excluded.agent_id, property_type_id = excluded.property_type_id, location_id = excluded.location_id, published_at = coalesce(public.listings.published_at, now());
insert into public.listing_images (listing_id, image_url, alt_text, sort_order, is_cover) values ('3119f7c7-b097-5c96-896a-0ba6b8539a46', 'https://www.sakstons.com/wp-content/uploads/2023/01/01-7.jpg', 'THE WILLIAM – Two Bedroom and Two Bathroom SECOND FLOOR Apartment - Sakstons source image', 0, true) on conflict do nothing;
insert into public.listing_features (listing_id, feature) values ('3119f7c7-b097-5c96-896a-0ba6b8539a46', 'Sakstons source listing') on conflict do nothing;
insert into public.listing_features (listing_id, feature) values ('3119f7c7-b097-5c96-896a-0ba6b8539a46', 'Verified agency route') on conflict do nothing;
insert into public.listing_features (listing_id, feature) values ('3119f7c7-b097-5c96-896a-0ba6b8539a46', 'POPIA-ready enquiry') on conflict do nothing;
insert into public.listings (id, agency_id, agent_id, property_type_id, location_id, title, slug, purpose, status, price, description, suburb, city, province, bedrooms, bathrooms, parking, erf_size_sqm, floor_size_sqm, is_featured, published_at)
select '575488e6-bd9d-5799-a00b-d1e37bbc2d6b', '5f060c4e-5bda-528a-ba9c-fba940dc59e0', 'a12d171e-a2d6-5ae0-908b-4b9f8d310311', pt.id, loc.id, 'The Kanyin – 3 Bed 2 Bath – Loft Apartment', 'sakstons-the-kanyin-3-bed-2-bath-loft-apartment', 'rent', 'available', 1550000, '3 Bed 2 Bath – Loft Apartment The Kanyin boasts: a Clubhouse, a Fully Equipped Gym, Entertaining Area, Swimming Pool, Squash Courts, A Creche and 24 Hour Security. DESCRIPTION: • LOUNGE: Open plan spacious tiled with a sliding door leading out to the covered balcony with a built-in Braai. • LOFT: Large loft area upstai', 'Sunninghill', 'Sandton', 'Gauteng', 3.0, 2.0, 2, null, 150.0, true, now()
from public.property_types pt, public.locations loc where pt.slug = 'apartment' and loc.slug = 'sunninghill-sandton'
on conflict (slug) do update set price = excluded.price, status = excluded.status, agency_id = excluded.agency_id, agent_id = excluded.agent_id, property_type_id = excluded.property_type_id, location_id = excluded.location_id, published_at = coalesce(public.listings.published_at, now());
insert into public.listing_images (listing_id, image_url, alt_text, sort_order, is_cover) values ('575488e6-bd9d-5799-a00b-d1e37bbc2d6b', 'https://www.sakstons.com/wp-content/uploads/2023/01/Capture.jpg', 'The Kanyin – 3 Bed 2 Bath – Loft Apartment - Sakstons source image', 0, true) on conflict do nothing;
insert into public.listing_features (listing_id, feature) values ('575488e6-bd9d-5799-a00b-d1e37bbc2d6b', 'Sakstons source listing') on conflict do nothing;
insert into public.listing_features (listing_id, feature) values ('575488e6-bd9d-5799-a00b-d1e37bbc2d6b', 'Verified agency route') on conflict do nothing;
insert into public.listing_features (listing_id, feature) values ('575488e6-bd9d-5799-a00b-d1e37bbc2d6b', 'POPIA-ready enquiry') on conflict do nothing;
insert into public.listings (id, agency_id, agent_id, property_type_id, location_id, title, slug, purpose, status, price, description, suburb, city, province, bedrooms, bathrooms, parking, erf_size_sqm, floor_size_sqm, is_featured, published_at)
select 'f5ee9c21-ccb8-5640-9e34-7c7e3890a04a', '5f060c4e-5bda-528a-ba9c-fba940dc59e0', 'a12d171e-a2d6-5ae0-908b-4b9f8d310311', pt.id, loc.id, 'Hydra Complex – 2 Bed 1 Bath – Townhouse – Wilgeheuwel', 'sakstons-hydra-complex-wilgeheuwel', 'rent', 'available', 8000, 'Perfectly positioned close to all the good schools and shopping malls. Offering 2 bedrooms 1 full bathroom, Open plan tiled kitchen and lounge and large pet friendly garden. Double garage.', 'Roodepoort', 'Roodepoort', 'Gauteng', 2.0, 1.0, 0, null, 85.0, true, now()
from public.property_types pt, public.locations loc where pt.slug = 'house' and loc.slug = 'roodepoort-roodepoort'
on conflict (slug) do update set price = excluded.price, status = excluded.status, agency_id = excluded.agency_id, agent_id = excluded.agent_id, property_type_id = excluded.property_type_id, location_id = excluded.location_id, published_at = coalesce(public.listings.published_at, now());
insert into public.listing_images (listing_id, image_url, alt_text, sort_order, is_cover) values ('f5ee9c21-ccb8-5640-9e34-7c7e3890a04a', 'https://www.sakstons.com/wp-content/uploads/2023/01/Capture1.jpg', 'Hydra Complex – 2 Bed 1 Bath – Townhouse – Wilgeheuwel - Sakstons source image', 0, true) on conflict do nothing;
insert into public.listing_features (listing_id, feature) values ('f5ee9c21-ccb8-5640-9e34-7c7e3890a04a', 'Sakstons source listing') on conflict do nothing;
insert into public.listing_features (listing_id, feature) values ('f5ee9c21-ccb8-5640-9e34-7c7e3890a04a', 'Verified agency route') on conflict do nothing;
insert into public.listing_features (listing_id, feature) values ('f5ee9c21-ccb8-5640-9e34-7c7e3890a04a', 'POPIA-ready enquiry') on conflict do nothing;
insert into public.listings (id, agency_id, agent_id, property_type_id, location_id, title, slug, purpose, status, price, description, suburb, city, province, bedrooms, bathrooms, parking, erf_size_sqm, floor_size_sqm, is_featured, published_at)
select '6152a908-9001-50b4-8bc8-7f8d81c42f5d', '5f060c4e-5bda-528a-ba9c-fba940dc59e0', 'e4cb4bc0-90f5-5dc0-a8ce-60b2829da6d6', pt.id, loc.id, 'The William – 1 Bed 1 Bath – Top Floor Apartment', 'sakstons-the-william-1-bed-1-bath-top-floor-apartment', 'rent', 'available', 7000, 'Situated in the secure and sought-after complex of The William in Dainfern, this modern apartment features one bedroom with built in cupboards and one bathroom, an open plan kitchen featuring an electric hob. Leading into the dining and lounge areas. A small balcony runs the length of the apartment, with direct access ', 'Fourways', 'Midrand', 'Gauteng', 1.0, 1.0, 0, null, 45.0, true, now()
from public.property_types pt, public.locations loc where pt.slug = 'apartment' and loc.slug = 'fourways-midrand'
on conflict (slug) do update set price = excluded.price, status = excluded.status, agency_id = excluded.agency_id, agent_id = excluded.agent_id, property_type_id = excluded.property_type_id, location_id = excluded.location_id, published_at = coalesce(public.listings.published_at, now());
insert into public.listing_images (listing_id, image_url, alt_text, sort_order, is_cover) values ('6152a908-9001-50b4-8bc8-7f8d81c42f5d', 'https://www.sakstons.com/wp-content/uploads/2023/01/1.jpg', 'The William – 1 Bed 1 Bath – Top Floor Apartment - Sakstons source image', 0, true) on conflict do nothing;
insert into public.listing_features (listing_id, feature) values ('6152a908-9001-50b4-8bc8-7f8d81c42f5d', 'Sakstons source listing') on conflict do nothing;
insert into public.listing_features (listing_id, feature) values ('6152a908-9001-50b4-8bc8-7f8d81c42f5d', 'Verified agency route') on conflict do nothing;
insert into public.listing_features (listing_id, feature) values ('6152a908-9001-50b4-8bc8-7f8d81c42f5d', 'POPIA-ready enquiry') on conflict do nothing;
insert into public.listings (id, agency_id, agent_id, property_type_id, location_id, title, slug, purpose, status, price, description, suburb, city, province, bedrooms, bathrooms, parking, erf_size_sqm, floor_size_sqm, is_featured, published_at)
select '16367b64-18e2-514a-94e8-0d1c749887ae', '5f060c4e-5bda-528a-ba9c-fba940dc59e0', 'a12d171e-a2d6-5ae0-908b-4b9f8d310311', pt.id, loc.id, 'The Kanyin – 2 Bed 1 Bath – Garden Apartment', 'sakstons-the-kanyin-2-bed-1-bath-garden-apartment-2', 'rent', 'available', 10500, 'The Kanyin boasts: a Clubhouse, a Fully Equipped Gym, Entertaining Area, Swimming Pool, Squash Courts, A Creche and 24 Hour Security. DESCRIPTION: • LOUNGE: Open plan spacious tiled with a sliding door leading out to the covered balcony with a built-in Braai and pet friendly garden • KITCHEN: Open plan, granite tops, p', 'Sunninghill', 'Sandton', 'Gauteng', 2.0, 1.0, 0, null, 90.0, true, now()
from public.property_types pt, public.locations loc where pt.slug = 'apartment' and loc.slug = 'sunninghill-sandton'
on conflict (slug) do update set price = excluded.price, status = excluded.status, agency_id = excluded.agency_id, agent_id = excluded.agent_id, property_type_id = excluded.property_type_id, location_id = excluded.location_id, published_at = coalesce(public.listings.published_at, now());
insert into public.listing_images (listing_id, image_url, alt_text, sort_order, is_cover) values ('16367b64-18e2-514a-94e8-0d1c749887ae', 'https://www.sakstons.com/wp-content/uploads/2023/01/01..jpg', 'The Kanyin – 2 Bed 1 Bath – Garden Apartment - Sakstons source image', 0, true) on conflict do nothing;
insert into public.listing_features (listing_id, feature) values ('16367b64-18e2-514a-94e8-0d1c749887ae', 'Sakstons source listing') on conflict do nothing;
insert into public.listing_features (listing_id, feature) values ('16367b64-18e2-514a-94e8-0d1c749887ae', 'Verified agency route') on conflict do nothing;
insert into public.listing_features (listing_id, feature) values ('16367b64-18e2-514a-94e8-0d1c749887ae', 'POPIA-ready enquiry') on conflict do nothing;
